<?xml version="1.0" encoding="UTF-8"?>
<project-private xmlns="http://www.netbeans.org/ns/project-private/1">
    <editor-bookmarks xmlns="http://www.netbeans.org/ns/editor-bookmarks/2" lastBookmarkId="0"/>
    <open-files xmlns="http://www.netbeans.org/ns/projectui-open-files/2">
        <group>
            <file>file:/Users/georgia/NetBeansProjects/%20Assignment4/src/assignment4/Fabric.java</file>
            <file>file:/Users/georgia/NetBeansProjects/%20Assignment4/src/assignment4/Sort.java</file>
            <file>file:/Users/georgia/NetBeansProjects/%20Assignment4/src/assignment4/Size.java</file>
            <file>file:/Users/georgia/NetBeansProjects/%20Assignment4/src/assignment4/Assignment4.java</file>
            <file>file:/Users/georgia/NetBeansProjects/%20Assignment4/src/assignment4/TShirt.java</file>
            <file>file:/Users/georgia/NetBeansProjects/%20Assignment4/src/assignment4/Color.java</file>
        </group>
    </open-files>
</project-private>
